{
    "australian capital territory": {
        "Negative Proportion": 0.6080691642651297,
        "Neutral Proportion": 0.12968299711815562,
        "Positive Proportion": 0.2622478386167147,
        "Average Sentiment": -0.03670015864621893,
        "Total": 347
    },
    "new south wales": {
        "Negative Proportion": 0.6133122028526149,
        "Neutral Proportion": 0.15530903328050713,
        "Positive Proportion": 0.23137876386687797,
        "Average Sentiment": -0.3336858804865151,
        "Total": 3155
    },
    "northern territory": {
        "Negative Proportion": 0.632258064516129,
        "Neutral Proportion": 0.1935483870967742,
        "Positive Proportion": 0.17419354838709677,
        "Average Sentiment": -0.01639344262295082,
        "Total": 155
    },
    "queensland": {
        "Negative Proportion": 0.6174386920980927,
        "Neutral Proportion": 0.155858310626703,
        "Positive Proportion": 0.22670299727520435,
        "Average Sentiment": -0.1940772078265468,
        "Total": 1835
    },
    "south australia": {
        "Negative Proportion": 0.5685279187817259,
        "Neutral Proportion": 0.1751269035532995,
        "Positive Proportion": 0.2563451776649746,
        "Average Sentiment": -0.04167107350608144,
        "Total": 394
    },
    "tasmania": {
        "Negative Proportion": 0.696078431372549,
        "Neutral Proportion": 0.0784313725490196,
        "Positive Proportion": 0.22549019607843138,
        "Average Sentiment": -0.02157588577472237,
        "Total": 204
    },
    "victoria": {
        "Negative Proportion": 0.5804647160068847,
        "Neutral Proportion": 0.14672977624784853,
        "Positive Proportion": 0.2728055077452668,
        "Average Sentiment": -0.24579587519830778,
        "Total": 2324
    },
    "western australia": {
        "Negative Proportion": 0.6003842459173871,
        "Neutral Proportion": 0.14793467819404418,
        "Positive Proportion": 0.2516810758885687,
        "Average Sentiment": -0.1101004759386568,
        "Total": 1041
    }
}