{
    "australian capital territory": {
        "neg_sen": 211,
        "pos_sen": 91,
        "neu_sen": 45,
        "total": 347,
        "ave_sen": 11.77904319743901,
        "ave_mag": 0.07205052454252579,
        "neg%": 0.6080691642651297,
        "pos%": 0.2622478386167147,
        "neu%": 0.12968299711815562
    },
    "new south wales": {
        "neg_sen": 1935,
        "pos_sen": 730,
        "neu_sen": 490,
        "total": 3155,
        "ave_sen": 114.53284406890005,
        "ave_mag": 0.0797323916868974,
        "neg%": 0.6133122028526149,
        "pos%": 0.23137876386687797,
        "neu%": 0.15530903328050713
    },
    "northern territory": {
        "neg_sen": 98,
        "pos_sen": 27,
        "neu_sen": 30,
        "total": 155,
        "ave_sen": 5.009281214264919,
        "ave_mag": 0.07863645979434303,
        "neg%": 0.632258064516129,
        "pos%": 0.17419354838709677,
        "neu%": 0.1935483870967742
    },
    "queensland": {
        "neg_sen": 1133,
        "pos_sen": 416,
        "neu_sen": 286,
        "total": 1835,
        "ave_sen": 63.587176418057005,
        "ave_mag": 0.07453115842121169,
        "neg%": 0.6174386920980927,
        "pos%": 0.22670299727520435,
        "neu%": 0.155858310626703
    },
    "south australia": {
        "neg_sen": 224,
        "pos_sen": 101,
        "neu_sen": 69,
        "total": 394,
        "ave_sen": 13.906744662465748,
        "ave_mag": 0.08224634477752805,
        "neg%": 0.5685279187817259,
        "pos%": 0.2563451776649746,
        "neu%": 0.1751269035532995
    },
    "tasmania": {
        "neg_sen": 142,
        "pos_sen": 46,
        "neu_sen": 16,
        "total": 204,
        "ave_sen": 9.112467021155274,
        "ave_mag": 0.08329876294926067,
        "neg%": 0.696078431372549,
        "pos%": 0.22549019607843138,
        "neu%": 0.0784313725490196
    },
    "victoria": {
        "neg_sen": 1349,
        "pos_sen": 634,
        "neu_sen": 341,
        "total": 2324,
        "ave_sen": 86.16923697792951,
        "ave_mag": 0.08264460041381157,
        "neg%": 0.5804647160068847,
        "pos%": 0.2728055077452668,
        "neu%": 0.14672977624784853
    },
    "western australia": {
        "neg_sen": 625,
        "pos_sen": 262,
        "neu_sen": 154,
        "total": 1041,
        "ave_sen": 47.40595800455949,
        "ave_mag": 0.10209607841849318,
        "neg%": 0.6003842459173871,
        "pos%": 0.2516810758885687,
        "neu%": 0.14793467819404418
    }
}