{"2022-02": {"pos": 45, "neu": 35, "neg": 113, "total": 193, "neg%": 0.5854922279792746, "neu%": 0.18134715025906736, "pos%": 0.23316062176165803, "ave_sen": 7.229938302175025, "ave_mag": 0.0860276401353182}, "2022-03": {"pos": 112, "neu": 51, "neg": 210, "total": 373, "neg%": 0.5630026809651475, "neu%": 0.13672922252010725, "pos%": 0.3002680965147453, "ave_sen": 19.328921020668105, "ave_mag": 0.11910856851236888}, "2022-04": {"pos": 35, "neu": 21, "neg": 91, "total": 147, "neg%": 0.6190476190476191, "neu%": 0.14285714285714285, "pos%": 0.23809523809523808, "ave_sen": 6.893126349522674, "ave_mag": 0.09548530429638658}, "2022-05": {"pos": 25, "neu": 15, "neg": 68, "total": 108, "neg%": 0.6296296296296297, "neu%": 0.1388888888888889, "pos%": 0.23148148148148148, "ave_sen": 4.211944736620342, "ave_mag": 0.0857233187041168}, "2022-06": {"pos": 21, "neu": 16, "neg": 68, "total": 105, "neg%": 0.6476190476190476, "neu%": 0.1523809523809524, "pos%": 0.2, "ave_sen": 4.813937072352065, "ave_mag": 0.09713498178939378}, "2022-07": {"pos": 16, "neu": 10, "neg": 41, "total": 67, "neg%": 0.6119402985074627, "neu%": 0.14925373134328357, "pos%": 0.23880597014925373, "ave_sen": 2.9596932587753724, "ave_mag": 0.09602638895801556}, "2022-08": {"pos": 8, "neu": 6, "neg": 34, "total": 48, "neg%": 0.7083333333333334, "neu%": 0.125, "pos%": 0.16666666666666666, "ave_sen": 1.9683972644459005, "ave_mag": 0.07765959600030227}}